username,first_name,last_name,email,password,ou,ad_groups
mchang,Megan,Chang,megan.chang@pwnzone.lab,UJ3CoHxL5vTbE9v,HR,HR
rgreen,Robert,Green,robert.green@pwnzone.lab,yeRIKwCSIWtjcYo,Engineering,Engineering
wsullivan,William,Sullivan,william.sullivan@pwnzone.lab,KbVUeiNCCvMDHhl,Sales,Sales
kturner,Kristen,Turner,kristen.turner@pwnzone.lab,3sNvIILjClcYJxk,HR,HR
tsilva,Thomas,Silva,thomas.silva@pwnzone.lab,3KKQIREaxpthGxn,HR,HR
rwagner,Rebecca,Wagner,rebecca.wagner@pwnzone.lab,FD5Zz9T0IXXih3N,Accounting,Accounting
jcampos,Juan,Campos,juan.campos@pwnzone.lab,ymn6SMrpmaGdtKa,Accounting,Accounting
cking,Christine,King,christine.king@pwnzone.lab,bqlO3Gbcm1VOPHV,Engineering,Engineering
rmcgrath,Renee,Mcgrath,renee.mcgrath@pwnzone.lab,6fr6SPslEmcb7JX,Accounting,Accounting
lbarrera,Lisa,Barrera,lisa.barrera@pwnzone.lab,hQGsibC1CdxDlNd,Accounting,Accounting
kblair,Kyle,Blair,kyle.blair@pwnzone.lab,Y8RnzCcesdyiNYY,IT,IT
rsutton,Rachel,Sutton,rachel.sutton@pwnzone.lab,RiHJGePqBACGmU0,IT,IT
tgarcia,Thomas,Garcia,thomas.garcia@pwnzone.lab,VwaLW3cMenFdcvA,Sales,Sales
rcarr,Ryan,Carr,ryan.carr@pwnzone.lab,qe7N0i9Ycn0CoBl,Engineering,Engineering
rlevy,Robin,Levy,robin.levy@pwnzone.lab,AJLCrqHUsqHkmyw,IT,IT
tgrimes,Thomas,Grimes,thomas.grimes@pwnzone.lab,dBGH1UMerDKjKbd,Sales,Sales
jtrujillo,Jorge,Trujillo,jorge.trujillo@pwnzone.lab,YvoMFHHn3cToq62,IT,IT
asmith,Ana,Smith,ana.smith@pwnzone.lab,MTDYZ7EDiyMKVG9,Accounting,Accounting
jross,Jennifer,Ross,jennifer.ross@pwnzone.lab,AzACoyMIF6m4kWE,Engineering,Engineering
mbarnett,Mallory,Barnett,mallory.barnett@pwnzone.lab,QXRycMbt7JzphVz,IT,IT
asnyder,Aaron,Snyder,aaron.snyder@pwnzone.lab,FCY5WvLmuyA1c3z,Sales,Sales
msanchez,Mikayla,Sanchez,mikayla.sanchez@pwnzone.lab,ekzJUoESRNVrMSv,Sales,Sales
mharrell,Mark,Harrell,mark.harrell@pwnzone.lab,yPdKussxfely30Z,HR,HR
jbradley,James,Bradley,james.bradley@pwnzone.lab,pCcKMdSSr1rwWW9,HR,HR
jponce,John,Ponce,john.ponce@pwnzone.lab,uBLacJCwoKJ4YDg,Engineering,Engineering
lwest,Linda,West,linda.west@pwnzone.lab,PzYHOGlX1dIt9Wq,Engineering,Engineering
cflores,Christopher,Flores,christopher.flores@pwnzone.lab,JkRP4FqYOFvBr37,HR,HR
wcantu,William,Cantu,william.cantu@pwnzone.lab,cnbkZhmjnQrBa2u,IT,IT
darnold,Daniel,Arnold,daniel.arnold@pwnzone.lab,fZKewrz304kSoXw,Accounting,Accounting
jkelley,Jasmine,Kelley,jasmine.kelley@pwnzone.lab,ZYgnJgpJOXgp48f,IT,IT
lfernandez,Lisa,Fernandez,lisa.fernandez@pwnzone.lab,0Gy5g4XFX37dIT6,Accounting,Accounting
tmorrison,Tamara,Morrison,tamara.morrison@pwnzone.lab,sfkXWRGpiHkkRB8,Engineering,Engineering
bwallace,Briana,Wallace,briana.wallace@pwnzone.lab,uGf1KvTcUAJro8v,Engineering,Engineering
ccruz,Caitlyn,Cruz,caitlyn.cruz@pwnzone.lab,zBZtnmzZBeCp867,Accounting,Accounting
broberts,Barbara,Roberts,barbara.roberts@pwnzone.lab,CGQ3tY4ugupwwfb,Engineering,Engineering
jlopez,Jaime,Lopez,jaime.lopez@pwnzone.lab,NRY2NI1jpdRZt9V,Accounting,Accounting
cdouglas,Chloe,Douglas,chloe.douglas@pwnzone.lab,RnAq0KOqDsZSjlf,Sales,Sales
tdavis,Thomas,Davis,thomas.davis@pwnzone.lab,twqgvbmeq62o0Zr,Sales,Sales
kmcdowell,Katherine,Mcdowell,katherine.mcdowell@pwnzone.lab,FkWiByQCEfJDRrs,Engineering,Engineering
skirby,Sandra,Kirby,sandra.kirby@pwnzone.lab,k8gRCVzyHvwQe3A,Engineering,Engineering
rleblanc,Rachael,Leblanc,rachael.leblanc@pwnzone.lab,zDcs6DoLXDOWCMP,Sales,Sales
amyers,Amber,Myers,amber.myers@pwnzone.lab,Qom7nqHwoqonb39,Sales,Sales
jhill,Janet,Hill,janet.hill@pwnzone.lab,ZegGkjzM4OsGHMf,HR,HR
latkinson,Lisa,Atkinson,lisa.atkinson@pwnzone.lab,BlCBj6TDLWEUGMx,Engineering,Engineering
plawrence,Patty,Lawrence,patty.lawrence@pwnzone.lab,MCpFjW3MlT8Nine,Sales,Sales
sriley,Stephanie,Riley,stephanie.riley@pwnzone.lab,i3XnLqJsM0pkSB7,Accounting,Accounting
skeller,Shannon,Keller,shannon.keller@pwnzone.lab,NEs1Gv1nARsZJmM,IT,IT
wstark,Wendy,Stark,wendy.stark@pwnzone.lab,j24ZFtb9JnznHLD,Engineering,Engineering
lmiller,Laura,Miller,laura.miller@pwnzone.lab,77JQlnz71LmPC2U,IT,IT
ctucker,Chloe,Tucker,chloe.tucker@pwnzone.lab,g3LCP0XqN244KfC,Sales,Sales
cbruce,Crystal,Bruce,crystal.bruce@pwnzone.lab,nP747E00wb2RMoK,None,Domain Admins
jdennis,John,Dennis,john.dennis@pwnzone.lab,78tfOWI8Yu0Vmiv,None,Domain Admins
