username,first_name,last_name,email,password,ou,ad_groups
mchang,Megan,Chang,megan.chang@treasureisland.lab,IpOFk6OfXV3YsIF,Engineering,Engineering
rgreen,Robert,Green,robert.green@treasureisland.lab,UO2JQFjVVcocEZ5,Accounting,Accounting
wsullivan,William,Sullivan,william.sullivan@treasureisland.lab,TMUaSFKZevBrT7f,HR,HR
kturner,Kristen,Turner,kristen.turner@treasureisland.lab,ih2W6QsFKcZOMm0,Sales,Sales
tsilva,Thomas,Silva,thomas.silva@treasureisland.lab,hrfiVE2YA1BTyCG,Engineering,Engineering
rwagner,Rebecca,Wagner,rebecca.wagner@treasureisland.lab,w446ZLR1ArxSPER,HR,HR
jcampos,Juan,Campos,juan.campos@treasureisland.lab,hUaQax28NNY8uBU,Sales,Sales
cking,Christine,King,christine.king@treasureisland.lab,hFQBAbjmPgUgupa,Sales,Sales
rmcgrath,Renee,Mcgrath,renee.mcgrath@treasureisland.lab,tCJEBdHW2EElS76,Accounting,Accounting
lbarrera,Lisa,Barrera,lisa.barrera@treasureisland.lab,5XTUfU8rXUyhhpM,IT,IT
kblair,Kyle,Blair,kyle.blair@treasureisland.lab,A5voz5z1SGtP26G,None,Domain Admins
